name,type,value,date
FUSION-TV,,108150,2020-05-20 15:49
欧阳娜娜STUDIO,,1403541,2020-05-20 15:49
海獭娇娇娇,,409508,2020-05-20 15:49
炽夏夜之心,,25821,2020-05-20 15:49
黄龄,,759924,2020-05-20 15:49
布鲁Sir_,,501515,2020-05-20 15:49
仙女味的nico酱,,187,2020-05-20 15:49
小艾大叔,,1299846,2020-05-20 15:49
丸子,,723460,2020-05-20 15:49
陈斯懿,,1043,2020-05-20 15:49
先看评测,,298537,2020-05-20 15:49
龚琳娜,,119547,2020-05-20 15:49
IC实验室,,784541,2020-05-20 15:49
FUSION-TV,,108151,2020-05-20 15:52
欧阳娜娜STUDIO,,1403541,2020-05-20 15:52
海獭娇娇娇,,409509,2020-05-20 15:52
炽夏夜之心,,25821,2020-05-20 15:52
黄龄,,759933,2020-05-20 15:52
布鲁Sir_,,501518,2020-05-20 15:52
仙女味的nico酱,,187,2020-05-20 15:52
小艾大叔,,1299849,2020-05-20 15:52
丸子,,723460,2020-05-20 15:52
陈斯懿,,1043,2020-05-20 15:52
先看评测,,298538,2020-05-20 15:52
龚琳娜,,119550,2020-05-20 15:52
IC实验室,,784544,2020-05-20 15:52
zettaranc,,1526590,2020-05-20 15:52
特效小哥studio,,1187804,2020-05-20 15:52
凉风Kaze,,6334509,2020-05-20 15:52
小龙女要征服全世界,,31725,2020-05-20 15:52
美国老张,,225853,2020-05-20 15:52
仲尼Johnny777,,337012,2020-05-20 15:52
利利那TD25,,226797,2020-05-20 15:52
Moouyo默铀,,39280,2020-05-20 15:52
毕导THU,,1993031,2020-05-20 15:52
Spark-GUXUE,,121024,2020-05-20 15:52
开公园的鹏哥,,6809,2020-05-20 15:52
Badykey悦子,,33043,2020-05-20 15:52
暗猫の祝福,,723432,2020-05-20 15:52
动漫日本语,,31191,2020-05-20 15:52
潜知_,,16814,2020-05-20 15:52
熊猫学经济,,53662,2020-05-20 15:52
猫耳FM,,655280,2020-05-20 15:52
樱萍Apple,,41822,2020-05-20 15:52
_青红造了个白_,,320187,2020-05-20 15:52
江淼侠,,48502,2020-05-20 15:52
Pravis_channel,,4841,2020-05-20 15:52
CHH评测室,,10094,2020-05-20 15:52
香菜猫饼,,515257,2020-05-20 15:52
阿牛读财,,58347,2020-05-20 15:52
罗翔说刑法,,6211716,2020-05-20 15:52
kyaru_kurobane,,4691,2020-05-20 15:52
阿扶frits,,295646,2020-05-20 15:52
风答-数字游民,,4332,2020-05-20 15:52
轻视频官方,,72612,2020-05-20 15:52
装甲尼禄,,149821,2020-05-20 15:52
食贫道,,1185568,2020-05-20 15:52
盗月社食遇记,,2940168,2020-05-20 15:52
手绢舞者,,131713,2020-05-20 15:52
一颗糖糖゛,,87998,2020-05-20 15:52
FUSION-TV,,108181,2020-05-20 16:28
欧阳娜娜STUDIO,,1403547,2020-05-20 16:28
韦尔莱节_,,56793,2020-05-20 16:28
炽夏夜之心,,25822,2020-05-20 16:28
黄龄,,760014,2020-05-20 16:28
布鲁Sir_,,501546,2020-05-20 16:28
仙女味的nico酱,,187,2020-05-20 16:28
小艾大叔,,1299926,2020-05-20 16:28
丸子,,723475,2020-05-20 16:28
陈斯懿,,1043,2020-05-20 16:28
先看评测,,298562,2020-05-20 16:28
FUSION-TV,,108183,2020-05-20 16:29
欧阳娜娜STUDIO,,1403547,2020-05-20 16:29
韦尔莱节_,,56793,2020-05-20 16:29
炽夏夜之心,,25822,2020-05-20 16:29
黄龄,,760019,2020-05-20 16:29
布鲁Sir_,,501547,2020-05-20 16:29
仙女味的nico酱,,187,2020-05-20 16:29
小艾大叔,,1299929,2020-05-20 16:29
丸子,,723475,2020-05-20 16:29
陈斯懿,,1043,2020-05-20 16:29
先看评测,,298562,2020-05-20 16:29
龚琳娜,,119576,2020-05-20 16:29
IC实验室,,784570,2020-05-20 16:29
zettaranc,,1526619,2020-05-20 16:29
特效小哥studio,,1187929,2020-05-20 16:29
凉风Kaze,,6334594,2020-05-20 16:29
小龙女要征服全世界,,31730,2020-05-20 16:29
美国老张,,225921,2020-05-20 16:29
仲尼Johnny777,,337028,2020-05-20 16:29
利利那TD25,,226802,2020-05-20 16:29
Moouyo默铀,,39281,2020-05-20 16:29
毕导THU,,1993168,2020-05-20 16:29
Spark-GUXUE,,121027,2020-05-20 16:29
开公园的鹏哥,,6809,2020-05-20 16:29
Badykey悦子,,33042,2020-05-20 16:29
暗猫の祝福,,723431,2020-05-20 16:29
动漫日本语,,31191,2020-05-20 16:29
潜知_,,16815,2020-05-20 16:29
